Brand	Model	Storage 	RAM 	BatteryCapacity	Price
Realme	Narzo 50i	32	2	5000	99
Nokia	C20 Plus	32	3	4950	99
Motorola	Moto E7i Power	32	2	5000	99
Realme	C11 2021	32	2	5000	99
Nokia	C20 Plus	32	3	4950	99
Realme	C11 2021	32	2	5000	99
Realme	C20	32	2	5000	99
Realme	C11	32	2	5000	99
Nokia	C20 Plus	32	3	4950	169
Nokia	1.4	32	2	4000	179
Realme	C21Y	64	4	5000	179
Xiaomi	Redmi 9C	64	3	5000	179
Realme	C21Y	64	4	5000	199
Realme	C21	64	3	5000	199
Nokia	2.4	32	2	4500	199
Samsung	Galaxy A11	32	2	4000	199
Realme	Narzo 10A	32	3	5000	199
Samsung	Galaxy M11	32	3	5000	199
Nokia	3.1 Plus	32	3	3500	209
Oppo	A12	64	4	4230	209
Realme	C21Y	64	4	5000	209
Xiaomi	Redmi 9i	64	4	5000	209
Samsung	Galaxy A02s	32	3	5000	209
Nokia	2.4	32	2	4500	209
Realme	Narzo 50A	64	4	5000	209
Vivo	Y12s (2021)	32	3	5000	209
Samsung	Galaxy A03s	32	3	5000	209
Vivo	Y12A	32	3	5000	209
Xiaomi	Redmi 9	64	4	5020	229
Vivo	Y12s	32	3	5000	229
Oppo	A16	32	3	5000	229
Realme	Narzo 50A	64	4	5000	229
Oppo	A15	32	3	4230	229
Vivo	Y12s	32	3	5000	229
Nokia	C30	32	2	6000	229
Samsung	Galaxy A03s	64	4	5000	229
Motorola	Moto G9 Power Lite	64	4	6000	229
Realme	Narzo 50A	128	4	5000	229
Xiaomi	Redmi 9 Activ	64	4	5000	229
Samsung	Galaxy A03s	32	3	5000	229
Vivo	Y12s	32	3	5000	229
Realme	C21Y	64	4	5000	229
Nokia	C30	64	3	6000	229
Realme	Narzo 50A	64	4	6000	229
Oppo	A16	32	3	5000	229
Xiaomi	Poco M3	128	4	6000	229
Xiaomi	Redmi 9	64	4	5020	229
Realme	C25s	128	4	6000	229
Oppo	A15s	64	4	4230	239
Xiaomi	Redmi Note 7	64	4	4000	239
Oppo	A15s	64	4	4230	239
Realme	C25s	128	4	6000	239
Oppo	A16	64	3	5000	239
Realme	C25s	128	4	6000	239
Samsung	Galaxy M12	64	4	6000	239
Xiaomi	Redmi 9 Power	64	4	6000	259
Vivo	Y20G	64	4	5000	259
Realme	C25s	128	4	6000	259
Realme	C21Y	64	4	5000	259
Motorola	Moto G Pure	32	3	5000	259
Oppo	A15s	64	4	4230	259
Nokia	G10	32	3	5050	259
Oppo	A16s	128	4	5000	269
Samsung	Galaxy A12	64	4	5000	269
Samsung	Galaxy M12	64	4	6000	269
Realme	C25	64	4	6000	269
Xiaomi	Redmi Note 8	64	4	4000	269
Realme	C15	64	4	6000	269
Samsung	Galaxy A12	64	4	5000	269
Vivo	Y21s	128	4	5000	269
Nokia	3.4	64	3	4000	269
Vivo	Y20G	64	4	5000	269
Xiaomi	Poco M3 Pro 5G	64	4	5000	269
Nokia	5.4	64	4	4000	269
Xiaomi	Poco M3	128	4	6000	269
Samsung	Galaxy A12	128	4	5000	269
Nokia	3.4	64	4	4000	269
Nokia	5.4	64	4	4000	269
Samsung	Galaxy A12	128	4	5000	269
Vivo	Y21s	128	4	5000	269
Oppo	A16s	64	4	5000	269
Xiaomi	Redmi 10	128	4	5000	269
Xiaomi	Redmi 10 Prime	128	6	6000	269
Samsung	Galaxy A03s	64	4	5000	269
Vivo	Y15	64	4	5000	289
Samsung	Galaxy A13	64	4	5000	289
Oppo	A16s	64	4	5000	289
Realme	9i	128	4	6000	289
Xiaomi	Redmi 9 Power	128	4	6000	289
Samsung	Galaxy F22	64	4	6000	289
Xiaomi	Redmi 10 Prime	128	4	6000	289
Xiaomi	Redmi 9 Power	128	4	6000	299
Samsung	Galaxy A21s	64	4	5000	299
Motorola	Moto G Power 2021	64	4	5000	299
Realme	7i	128	8	5000	299
Xiaomi	Redmi 10 Prime	128	6	6000	299
Xiaomi	Redmi 10 Prime	128	4	6000	299
Oppo	A16s	64	4	5000	299
Xiaomi	Redmi Note 10	64	4	5000	299
Realme	Narzo 20	64	4	6000	299
Nokia	5.3	64	3	4000	299
Oppo	A54	64	4	5000	299
Oppo	A31	128	4	4230	299
Nokia	G20	64	4	5050	299
Nokia	G20	64	4	5050	299
Xiaomi	Poco M3 Pro 5G	128	6	5000	299
Motorola	Moto G8 Power	64	4	5000	299
Xiaomi	Redmi 9T	128	4	6000	299
Huawei	Y7p	64	4	4000	299
Samsung	Galaxy A21s	128	6	5000	299
Motorola	Moto G10	128	4	5000	299
Xiaomi	Redmi 9T	128	4	6000	299
Motorola	Moto G Power (2021)	64	3	5000	299
Motorola	Moto G Power (2021)	64	4	5000	299
Xiaomi	Poco M3 Pro 5G	64	4	5000	299
Xiaomi	Redmi 9T	128	4	6000	299
Realme	8 5G	128	4	5000	299
Xiaomi	Poco M3 Pro 5G	64	4	5000	299
Vivo	Y20s (G)	128	6	5000	299
Vivo	Y20s G	128	6	5000	319
Xiaomi	Redmi 9 Activ	128	6	5000	319
Xiaomi	Redmi 10 Prime	128	6	6000	329
Samsung	Galaxy A21s	128	4	5000	329
Realme	8i	128	4	5000	329
Samsung	Galaxy M22	128	4	5000	329
Samsung	Galaxy A22	128	4	5000	329
Oppo	A53	128	6	5000	329
Oppo	A54	128	4	5000	329
Xiaomi	Redmi 9T	128	4	6000	349
Vivo	Y20G	128	6	5000	349
Oppo	A53s	128	6	5000	349
Xiaomi	Redmi Note 10S	128	6	5000	349
Samsung	Galaxy F22	128	6	6000	349
Xiaomi	Redmi Note 10S	128	6	5000	349
Xiaomi	Redmi Note 9S	128	6	5020	349
Motorola	Moto G8 Power	64	4	5000	349
Xiaomi	Redmi 10	128	4	5000	349
Samsung	Galaxy A22 4G	128	6	5000	349
Motorola	Moto G9 Power	128	4	6000	349
Vivo	Y31s	128	6	5000	359
Realme	8i	128	4	5000	359
Samsung	Galaxy F41	128	6	6000	359
Realme	7i	128	8	5000	359
Oppo	A54	128	4	5000	359
Samsung	Galaxy A22 5G	128	4	5000	359
Motorola	Moto G Power 2022	128	4	5000	379
Vivo	Y20s	128	8	5000	379
Oppo	A54	128	6	5000	379
Samsung	Galaxy F41	64	6	6000	379
Nokia	5.4	128	4	4000	379
Xiaomi	Poco X3 Pro	128	6	5160	379
Vivo	Y33s	128	8	5000	379
Motorola	Moto G50s	128	4	5000	379
Oppo	A54s	128	6	5000	379
Xiaomi	Poco X3 Pro	128	6	5160	379
Nokia	5.4	64	4	4000	379
Oppo	A53	128	4	5000	379
Motorola	Moto G50	64	4	5000	379
Nokia	6.2	128	4	3500	379
Xiaomi	Redmi Note 9S	128	6	5020	379
Xiaomi	Poco X3 Pro	128	6	5160	379
Xiaomi	Poco X3 Pro	128	6	5160	379
Vivo	Y33	128	8	5000	379
Realme	Narzo 50 Pro 5G	128	6	5000	379
Xiaomi	Poco X3 Pro	128	6	5160	379
Oppo	A53s	128	6	5000	389
Oppo	A53s	128	6	5000	409
Samsung	Galaxy A32	128	4	5000	409
Samsung	Galaxy M32	128	4	6000	409
Oppo	A54	128	6	5000	409
Vivo	Y33s	128	8	5000	409
Realme	Narzo 50 Pro 5G	128	8	5000	409
Vivo	Y53s	128	8	5000	409
Xiaomi	Redmi Note 9 Pro Max	64	6	5020	419
Samsung	Galaxy A32 5G	128	4	5000	419
Realme	7 5G	128	6	5000	419
Samsung	Galaxy A22 5G	128	4	5000	419
Realme	Narzo 30 Pro	128	8	5000	419
Xiaomi	Redmi Note 10S	128	6	5000	419
Oppo	A53s 5G	128	6	5000	419
Realme	Narzo 30 Pro 5G	128	6	5000	419
Samsung	Galaxy A30s	64	4	4000	419
Xiaomi	Redmi Note 9 Pro Max	128	6	5020	419
Realme	Narzo 30 Pro 5G	128	8	5000	419
Vivo	Y33s	128	8	5000	419
Samsung	Galaxy A32 5G	128	4	5000	419
Samsung	Galaxy M32	128	6	6000	419
Motorola	Moto G60	128	6	6000	419
Xiaomi	Mi 10T Lite	128	6	4820	419
Samsung	Galaxy A32 5G	128	4	5000	419
Motorola	Moto G9 Plus	128	4	5000	419
Xiaomi	Redmi Note 10 Pro	128	6	5020	419
Vivo	Y33s	128	8	5000	419
Xiaomi	Redmi Note 10 Pro Max	128	6	5020	419
Samsung	Galaxy A22 5G	128	4	5000	419
Xiaomi	Redmi Note 10 Pro	128	6	5020	419
Samsung	Galaxy A32	128	6	5000	419
Vivo	Y51A	128	8	5000	439
Vivo	Y33s	128	8	5000	439
Realme	8 5G	128	8	5000	449
Xiaomi	Poco X3 Pro	128	6	5160	449
Motorola	Moto G60	128	6	6000	449
Oppo	A74	128	6	5000	449
Oppo	A74 5G	128	6	5000	449
Oppo	A54s 5G	128	6	5000	449
Motorola	Moto G Stylus 2021	128	4	4000	449
Samsung	Galaxy A32	128	4	5000	449
Oppo	A74 5G	128	6	5000	449
Xiaomi	Poco X3 GT	128	8	5000	449
Nokia	G50 5G	128	4	4850	449
Vivo	Y53s	128	8	5000	449
Realme	8s 5G	128	6	5000	449
Oppo	A74 5G	128	6	5000	449
OnePlus	Nord N10 5G	128	6	4300	449
Motorola	Moto G Stylus (2021)	128	4	4000	449
Nokia	G50	64	4	5000	449
OnePlus	Nord N10 5G	128	6	4300	449
Realme	7	128	8	5000	449
CAT	S42	32	3	4200	449
Samsung	Galaxy F42 5G	128	8	5000	469
Oppo	F19s	128	6	5000	479
Xiaomi	Mi 10i	128	6	4820	479
Vivo	V20 SE	128	8	4100	479
Oppo	A93	128	8	4000	479
Xiaomi	Redmi Note 10 Pro Max	128	6	5020	479
Xiaomi	Poco X4 Pro	128	6	5160	499
Xiaomi	Redmi Note 10 Pro Max	128	8	5020	499
Xiaomi	Poco X3 GT	128	8	5000	499
Samsung	Galaxy A42 5G	128	4	5000	499
Xiaomi	Mi 11 Lite NE	128	6	4250	499
Vivo	V21e 5G	128	8	4000	499
Xiaomi	Redmi Note 10 Pro Max	128	8	5020	499
Huawei	P30 Lite	128	4	3340	499
Xiaomi	Redmi Note 10 Pro	128	6	5020	499
Xiaomi	Redmi Note 10 Pro	128	6	5020	499
Samsung	Galaxy A42 5G	128	4	5000	499
Huawei	Nova 7i	128	8	4200	499
Oppo	A94	128	8	4310	499
Motorola	Moto G Pro	128	4	4000	499
Xiaomi	Mi 11 Lite 5G NE	128	6	4250	499
Realme	GT Neo2	128	8	5000	499
OnePlus	Nord CE 5G	128	6	4500	499
Vivo	Y72 5G	128	8	5000	509
Nokia	7.2	128	6	3500	529
Samsung	Galaxy M31s	128	8	6000	529
Realme	GT Master Edition	128	6	4300	529
LG	K92 5G	128	6	4000	529
Xiaomi	Mi 10 Lite 5G	128	6	4160	529
Huawei	Nova 7i	128	8	4200	529
Oppo	F19 Pro+	128	8	4310	529
Oppo	F19 Pro	128	8	4310	539
Vivo	V21e	128	8	4000	559
Vivo	V21e	128	8	4000	559
Realme	GT Neo2	128	8	5000	559
Xiaomi	Mi 11 Lite 5G	128	6	4250	559
Oppo	A94	128	8	4310	569
Samsung	Galaxy M31s	128	6	6000	569
Oppo	Reno6 Z 5G	128	8	4310	589
Motorola	Moto G Stylus 5G	128	5	5000	599
Blackberry	KEY2 LE	64	4	3000	599
Blackberry	Evolve	64	6	4000	599
Xiaomi	Mi 11 Lite 5G	128	6	4250	599
Apple	iPhone SE (2020)	64	3	1821	599
Motorola	Moto G Stylus 5G	128	5	5000	599
Vivo	V21 5G	128	8	4000	599
Oppo	A94	128	8	4310	599
Realme	GT Master Edition	128	8	4300	599
Realme	GT Neo2	128	8	5000	599
OnePlus	Nord 2	128	8	4500	599
Apple	iPhone SE (2nd Gen)	64	3	1821	599
Xiaomi	Mi 11 Lite	128	6	4250	599
Oppo	A92	128	8	5000	599
Apple	iPhone SE (2020)	64	3	1821	599
Samsung	Galaxy A71	128	6	4500	599
Oppo	A94 5G	128	8	4310	599
Apple	iPhone SE (2020)	64	3	1821	599
Oppo	F19 Pro+ 5G	128	8	4310	599
OnePlus	Nord 2 5G	128	8	4500	599
Oppo	A94 5G	128	8	4310	599
Oppo	F19 Pro+ 5G	128	8	4310	629
Xiaomi	Mi 11 Lite 5G	128	8	4250	649
Samsung	Galaxy M62	128	8	7000	649
Samsung	Galaxy A72	128	8	5000	649
Oppo	Reno3	128	8	4025	649
Samsung	Galaxy A52 5G	128	6	4500	679
Samsung	Galaxy A52 5G	128	6	4500	679
Samsung	Galaxy M52	128	6	5000	679
Samsung	Galaxy M52 5G	128	6	5000	679
Samsung	Galaxy A52s 5G	128	6	4500	679
Nokia	X20	128	6	4470	679
Samsung	Galaxy A72	128	6	5000	679
Apple	iPhone SE (2020)	128	3	1821	679
Samsung	Galaxy A52	128	6	4500	679
OnePlus	Nord	128	8	4115	679
Samsung	Galaxy M51	128	6	7000	679
Oppo	Reno 5 Pro 5G	128	8	4350	679
Samsung	Galaxy A52 5G	128	6	4500	679
Samsung	Galaxy M52 5G	128	6	5000	679
Samsung	Galaxy A52s 5G	128	6	4500	679
Samsung	Galaxy A52 5G	128	6	4500	679
Samsung	Galaxy A52s 5G	128	6	4500	709
Samsung	Galaxy A52s 5G	128	6	4500	729
Vivo	V21 5G	128	8	4000	729
Apple	iPhone XR	64	3	2942	749
Motorola	Edge 20 Fusion	128	6	5000	749
LG	Velvet 5G	128	6	4300	749
Vivo	V21 5G	128	8	4000	749
Nokia	8.3 5G	128	8	4500	749
Nokia	8.3 5G	128	8	4500	749
Apple	iPhone XR	64	3	2942	749
Google	Pixel 4a 5G	128	6	3885	749
Apple	iPhone XR	64	3	2942	749
Xiaomi	Mi 11X	128	8	4520	799
Nokia	XR20	128	6	4630	829
Nokia	XR20	128	6	4630	829
Oppo	Reno 6 Pro 5G	128	12	4500	829
Apple	iPhone XR	64	3	2942	899
Apple	iPhone 11	64	4	3110	899
Apple	iPhone 11	128	4	3110	899
Samsung	Galaxy A71	128	6	4500	899
Xiaomi	Mi 10T Pro	256	8	5000	899
Xiaomi	Mi 10T Pro 5G	128	8	5000	899
Apple	iPhone XR	128	3	2942	899
Samsung	Galaxy S10 Lite	128	6	4500	979
Samsung	Galaxy S10 Lite	128	6	4500	979
Oppo	Reno6 Pro 5G	128	12	4500	989
Google	Pixel 6	128	8	4600	1049
Google	Pixel 5	128	8	4080	1049
Oppo	Reno6 Pro+	256	12	4500	1049
Apple	iPhone 11	64	4	3110	1049
Asus	Zenfone 8	128	6	4000	1049
Blackberry	KEY2	64	6	3500	1049
Samsung	Galaxy S20 FE 5G	128	6	4500	1049
Samsung	Galaxy S20 FE 5G	128	6	4500	1049
Motorola	Edge 20 Pro	256	12	4500	1049
Apple	iPhone 8 Plus	64	3	2691	1049
Huawei	Nova 9 Pro 5G	256	8	4500	1049
Samsung	Galaxy S20 FE 5G	128	6	4500	1049
Google	Pixel 5	128	8	4080	1049
Huawei	Nova 8 Pro 5G	128	8	4000	1049
Google	Pixel 5	128	8	4080	1049
Apple	iPhone 12 Mini	64	4	2227	1049
Apple	iPhone 12 Mini	64	4	2227	1049
Oppo	Reno6 Pro+ 5G	128	8	4500	1049
OnePlus	7 Pro	256	8	4000	1049
OnePlus	9	128	8	4500	1099
OnePlus	9	128	8	4500	1099
Xiaomi	Mi 11	256	8	4600	1129
OnePlus	8T	256	12	4500	1129
Apple	iPhone 11	128	4	3110	1129
OnePlus	8T	128	8	4500	1129
Oppo	Find X3 Neo 5G	256	12	4500	1199
Oppo	Reno4 Pro 5G	256	12	4000	1199
Apple	iPhone 12	128	4	2815	1199
Oppo	Reno4 Pro 5G	256	12	4000	1199
Google	Pixel 4	128	6	2800	1199
Vivo	X60 Pro	256	12	4200	1199
Google	Pixel 6	128	8	4614	1199
Apple	iPhone 13	128	6	2815	1199
Samsung	Galaxy S21	128	8	4000	1199
Apple	iPhone 13	128	4	2815	1199
Oppo	Reno6 Pro+ 5G	256	12	4500	1279
Apple	iPhone 13 Pro	128	6	3095	1299
OnePlus	9 Pro	128	8	4500	1349
Oppo	Find X3 Neo 5G	256	12	4500	1349
Apple	iPhone 12 mini	256	4	2227	1349
Asus	Zenfone 8 Flip	256	8	5000	1349
Asus	Zenfone 8 Flip	128	8	5000	1349
Apple	iPhone 11 Pro Max	256	4	3969	1349
Samsung	Galaxy S21	128	8	4000	1399
Oppo	Reno 6 Pro+	256	12	4500	1429
Samsung	Galaxy S21	128	8	4000	1429
Apple	iPhone 13	128	4	2815	1429
OnePlus	9 Pro	256	12	4500	1459
OnePlus	9 Pro	256	12	4500	1459
Samsung	Galaxy Z Flip3	256	8	3300	1459
OnePlus	8 Pro	256	12	4510	1499
Huawei	P30 Pro	256	8	4200	1499
Samsung	Galaxy S21+ 5G	256	8	4800	1499
Samsung	Galaxy Note20 5G	128	8	4300	1579
Apple	iPhone 12 Pro	128	6	2815	1579
Samsung	Galaxy Note20 5G	256	8	4300	1579
Huawei	P40 Pro	256	8	4200	1579
Apple	iPhone 11 Pro Max	512	4	3969	1649
Huawei	P40 Pro	256	8	4200	1649
Huawei	Mate 30 Pro 5G	256	8	4500	1649
Apple	iPhone XS Max	256	4	3174	1749
Apple	iPhone 11 Pro Max	64	4	3969	1749
Apple	iPhone 12 Pro Max	128	6	3687	1749
Xiaomi	Mi 11 Ultra	256	12	5000	1799
Samsung	Galaxy S20 Ultra 5G	128	12	5000	1799
Samsung	Galaxy S21 Ultra 5G	256	12	5000	1799
Huawei	Mate 40 Pro	256	8	4400	1799
Vivo	X70 Pro+	256	12	4450	1949
LG	Wing	256	8	4000	1949
Samsung	Galaxy Z Flip 3	128	8	3300	1949
Asus	ROG Phone 5	128	8	6000	1949
Vivo	X70 Pro+	256	12	4500	1999
Samsung	Galaxy S21 Ultra	256	12	5000	1999
Oppo	Find X3 Pro	256	12	4500	1999
Apple	iPhone 13 Pro Max	256	6	4352	2099
Samsung	Galaxy Note 20 Ultra	256	12	4500	2099
Sony	Xperia 5 III	128	8	4500	2099
Huawei	P40 Pro+	512	8	4200	2199
Samsung	Galaxy S21 Ultra 5G	256	12	5000	2199
Samsung	Galaxy S20 Ultra 5G	512	16	5000	2199
